<?xml version="1.0" encoding="UTF-8"?>
<publish:elements xmlns:publish="http://www.ibm.com/Rational/XTools/Publish" xmlns:xmi="http://www.omg.org/XMI" xmlns:xsi="http://www.w3.org/2001/XMLSchema-instance"><element name="Collaboration1" publish:icon="1509939.jpeg" publish:qualifiedname="OGSA EMS::Collaboration1" xmi:id="_07EwwAAgEduf3-bunKXOuA" xsi:type="uml:Collaboration"/><element name="" publish:icon="2230775.jpeg" publish:qualifiedname="OGSA EMS::Collaboration1::Direct Job Execution::&lt;Connector>::&lt;ConnectorEnd>" xmi:id="_64o0AQAjEduf3-bunKXOuA" xsi:type="uml:ConnectorEnd"/><element name="" publish:icon="2230775.jpeg" publish:qualifiedname="OGSA EMS::Collaboration1::Direct Job Execution::&lt;Connector>::&lt;ConnectorEnd>" xmi:id="_64o0AgAjEduf3-bunKXOuA" xsi:type="uml:ConnectorEnd"/><element name="" publish:icon="2230775.jpeg" publish:qualifiedname="OGSA EMS::Collaboration1::Direct Job Execution::&lt;Connector>::&lt;ConnectorEnd>" xmi:id="_CDJS4gAkEduf3-bunKXOuA" xsi:type="uml:ConnectorEnd"/><element name="" publish:icon="2230775.jpeg" publish:qualifiedname="OGSA EMS::Collaboration1::Direct Job Execution::&lt;Connector>::&lt;ConnectorEnd>" xmi:id="_CDJS4wAkEduf3-bunKXOuA" xsi:type="uml:ConnectorEnd"/><element name="" publish:icon="2230775.jpeg" publish:qualifiedname="OGSA EMS::Collaboration1::Indirect Job Execution::&lt;Connector>::&lt;ConnectorEnd>" xmi:id="_zF0GBAAlEduf3-bunKXOuA" xsi:type="uml:ConnectorEnd"/><element name="" publish:icon="2230775.jpeg" publish:qualifiedname="OGSA EMS::Collaboration1::Indirect Job Execution::&lt;Connector>::&lt;ConnectorEnd>" xmi:id="_zF0GBQAlEduf3-bunKXOuA" xsi:type="uml:ConnectorEnd"/><element name="" publish:icon="2230775.jpeg" publish:qualifiedname="OGSA EMS::Collaboration1::Indirect Job Execution::&lt;Connector>::&lt;ConnectorEnd>" xmi:id="_5rXdsQAlEduf3-bunKXOuA" xsi:type="uml:ConnectorEnd"/><element name="" publish:icon="2230775.jpeg" publish:qualifiedname="OGSA EMS::Collaboration1::Indirect Job Execution::&lt;Connector>::&lt;ConnectorEnd>" xmi:id="_5rXdsgAlEduf3-bunKXOuA" xsi:type="uml:ConnectorEnd"/><element name="" publish:icon="2230775.jpeg" publish:qualifiedname="OGSA EMS::Collaboration1::Deploying an Application::&lt;Connector>::&lt;ConnectorEnd>" xmi:id="_cE-UJAcWEdujo5-zhcPpIg" xsi:type="uml:ConnectorEnd"/><element name="" publish:icon="2230775.jpeg" publish:qualifiedname="OGSA EMS::Collaboration1::Deploying an Application::&lt;Connector>::&lt;ConnectorEnd>" xmi:id="_cE-UJQcWEdujo5-zhcPpIg" xsi:type="uml:ConnectorEnd"/><element name="" publish:icon="2230775.jpeg" publish:qualifiedname="OGSA EMS::Collaboration1::Deploying an Application::&lt;Connector>::&lt;ConnectorEnd>" xmi:id="_0YWYcgcWEdujo5-zhcPpIg" xsi:type="uml:ConnectorEnd"/><element name="" publish:icon="2230775.jpeg" publish:qualifiedname="OGSA EMS::Collaboration1::Deploying an Application::&lt;Connector>::&lt;ConnectorEnd>" xmi:id="_0YWYcwcWEdujo5-zhcPpIg" xsi:type="uml:ConnectorEnd"/><element name="" publish:icon="2230775.jpeg" publish:qualifiedname="OGSA EMS::Collaboration1::Deploying an Application::&lt;Connector>::&lt;ConnectorEnd>" xmi:id="_2LfCpAcZEdujo5-zhcPpIg" xsi:type="uml:ConnectorEnd"/><element name="" publish:icon="2230775.jpeg" publish:qualifiedname="OGSA EMS::Collaboration1::Deploying an Application::&lt;Connector>::&lt;ConnectorEnd>" xmi:id="_2LfCpQcZEdujo5-zhcPpIg" xsi:type="uml:ConnectorEnd"/><element name="" publish:icon="2230775.jpeg" publish:qualifiedname="OGSA EMS::Collaboration1::Deploying an Application::&lt;Connector>::&lt;ConnectorEnd>" xmi:id="_844AUgccEdujo5-zhcPpIg" xsi:type="uml:ConnectorEnd"/><element name="" publish:icon="2230775.jpeg" publish:qualifiedname="OGSA EMS::Collaboration1::Deploying an Application::&lt;Connector>::&lt;ConnectorEnd>" xmi:id="_844AUwccEdujo5-zhcPpIg" xsi:type="uml:ConnectorEnd"/><element name="" publish:icon="2230775.jpeg" publish:qualifiedname="OGSA EMS::Collaboration1::Deploying an Application::&lt;Connector>::&lt;ConnectorEnd>" xmi:id="_og6MNAcdEdujo5-zhcPpIg" xsi:type="uml:ConnectorEnd"/><element name="" publish:icon="2230775.jpeg" publish:qualifiedname="OGSA EMS::Collaboration1::Deploying an Application::&lt;Connector>::&lt;ConnectorEnd>" xmi:id="_og6MNQcdEdujo5-zhcPpIg" xsi:type="uml:ConnectorEnd"/><element name="" publish:icon="2230775.jpeg" publish:qualifiedname="OGSA EMS::Collaboration1::Deploying an Application::&lt;Connector>::&lt;ConnectorEnd>" xmi:id="_rwqQRAceEdujo5-zhcPpIg" xsi:type="uml:ConnectorEnd"/><element name="" publish:icon="2230775.jpeg" publish:qualifiedname="OGSA EMS::Collaboration1::Deploying an Application::&lt;Connector>::&lt;ConnectorEnd>" xmi:id="_rwqQRQceEdujo5-zhcPpIg" xsi:type="uml:ConnectorEnd"/><element name="" publish:icon="2230775.jpeg" publish:qualifiedname="OGSA EMS::Collaboration1::Deploying an Application::&lt;Connector>::&lt;ConnectorEnd>" xmi:id="_a2uCMAcfEdujo5-zhcPpIg" xsi:type="uml:ConnectorEnd"/><element name="" publish:icon="2230775.jpeg" publish:qualifiedname="OGSA EMS::Collaboration1::Deploying an Application::&lt;Connector>::&lt;ConnectorEnd>" xmi:id="_a2uCMQcfEdujo5-zhcPpIg" xsi:type="uml:ConnectorEnd"/></publish:elements>