<?xml version="1.0" encoding="UTF-8"?>
<dmi:dataCopyActivity xmlns:dmi="http://www.dmi2.common/dataCopyActivity"
    xmlns:xsi="http://www.w3.org/2001/XMLSchema-instance"
    xsi:schemaLocation="http://www.dmi.common dmi-common-with-referencesV3.xsd">

    <sharedElements>      
        <dmi:anyCredentials id="cred1"/>
        <dmi:urlDataSource id="urlsrc1">
            <urlDataEndpoint>
                <dataUrl url="http://source.data.org"/>
            </urlDataEndpoint>
        </dmi:urlDataSource>
        <dmi:urlDataSource id="urlsrc2">
            <urlDataEndpoint>
                <dataUrl url="http://source.data.org"/>
            </urlDataEndpoint>
        </dmi:urlDataSource>
        <dmi:urlDataSource id="urlsink1">
            <urlDataEndpoint>
                <dataUrl url="http://sink.data.org"/>
            </urlDataEndpoint>
        </dmi:urlDataSource>
        <dmi:urlProperties id="propid1"/> 
    </sharedElements>

   
   <dataCopyActivityRequirements>
       <dmi:description>
           After the description, define global copy requirements 
           such as scheduling, i.e. requirements that apply to the 
           whole data copy activity. 
       </dmi:description>
   </dataCopyActivityRequirements>

    <copyGroup>
         
        <dmi:copy>
            <dmi:description>
                This is an example of the most minimal copy element.
                It is a copy skeleton that could be populated later. 
                Not sure if we want to provide such skeleton copy 
                elements. 
            </dmi:description>
            <dmi:source/>
            <dmi:sink/>
        </dmi:copy>
        
        
        <dmi:copy>
            <dmi:description>
                This is an example of a copy element that references 
                common sources/sinks. This makes it easy to repeat 
                copy elements without having to constantly inline 
                (i.e. repeat) the elements.  See the example 
                copy below that also uses this technique and copies
                a different source to the same sink. 
            </dmi:description>
            <dmi:source>
                <dmi:idref local="urlsrc1"/>
            </dmi:source>
            <dmi:sink>
                <dmi:idref local="urlsink1"/>
            </dmi:sink>
        </dmi:copy>
        
        
        <dmi:copy>
            <dmi:source>
                <dmi:idref local="urlsrc2"/>
            </dmi:source>
            <dmi:sink>
                <dmi:idref local="urlsink1"/>
            </dmi:sink>
        </dmi:copy>
        
        
        <dmi:copy>
            <dmi:source>
                <dmi:description>
                    This Source is referenced while the sink is defined inline. 
                    The source idref must reference an abstractDataSource (although 
                    this is not enforced by the xml schema and must be 
                    checked by the implementing system). 
                </dmi:description>
                <dmi:idref local="urlsrc1"/>
            </dmi:source>          
            <dmi:sink>
                <dmi:description>
                    This Sink nests the data sink within the sink body 
                    rather than referencing a shared sink using idref. 
                </dmi:description>
                <body>
                    <dmi:urlDataSink>
                        <urlDataEndpoint>
                            <dataUrl url="ftp://example.com/the/data/sink"/>
                            <dmi:anyCredentials>
                                <body>
                                    <!-- the any credentials body here -->
                                </body>
                            </dmi:anyCredentials>
                        </urlDataEndpoint>
                        <urlDataEndpoint>
                            <dataUrl url="http://www.example.com/the/data/sink/alt/location">
                                <dmi:urlProperties/>
                            </dataUrl>
                            <dmi:anyCredentials>
                                <dmi:idref local="cred1"/>
                            </dmi:anyCredentials>
                        </urlDataEndpoint>
                    </dmi:urlDataSink>
                </body>
            </dmi:sink>
        </dmi:copy>


    </copyGroup>

</dmi:dataCopyActivity>
