<nml:link id="urn:ogf:network:example.net:link_A-to-C">
  <nml:relation type="serialcompound">
    
    <nml:relation type="first">
      <nml:link idRef="urn:ogf:network:example.net:link_B-to-C" />
    </nml:relation>
    
    <nml:link idRef="urn:ogf:network:example.net:link_A-to-B">
      <nml:relation type="next">
        <nml:link idRef="urn:ogf:network:example.net:link_B-to-C" />
      </nml:relation>
    </nml:link>
    
    <nml:link idRef="urn:ogf:network:example.net:link_B-to-C">
      <nml:relation type="next" idRef="http://schema.ogf.org/nml/base/201107/nil" />
    </nml:link>
    
  </nml:relation>

</nml:link>
