<?xml version="1.0" encoding="UTF-8"?>

<wsdai:PropertyDocument 
	xmlns:wsdai="http://www.ggf.org/namespaces/2005/12/WS-DAI" 
	xmlns:wsa="http://www.w3.org/2005/08/addressing" 
	xmlns:xsi="http://www.w3.org/2001/XMLSchema-instance" 
	xsi:schemaLocation="http://www.ggf.org/namespaces/2005/12/WS-DAI wsdai_core_types.xsd">

<!--
   This example corresponds to the one in section 5.2.8 of the WS-DAI specification.
    If this example has to be modifed then the example in section 5.2.8 MUST be changed too.
-->

<wsdai:DataResourceAbstractName>
   urn:dais:ds2
</wsdai:DataResourceAbstractName>
  <wsdai:DataResourceManagement>ExternallyManaged</wsdai:DataResourceManagement>
  <wsdai:ParentDataResource>
    <wsa:Address>http://www.ggf.org/services/daisservice</wsa:Address>
    <wsa:ReferenceParameters>
      <wsdai:DataResourceAbstractName>urn:dais:ds1</wsdai:DataResourceAbstractName>
    </wsa:ReferenceParameters>
  </wsdai:ParentDataResource>
  <wsdai:DatasetMap>
    <wsdai:MessageQName>myService:MessageQName1</wsdai:MessageQName>
    <wsdai:DatasetFormatURI>http://www.ggf.org/dataforma1</wsdai:DatasetFormatURI>
</wsdai:DatasetMap>
  <wsdai:DatasetMap>
    <wsdai:MessageQName>myService:MessageQName2</wsdai:MessageQName>
    <wsdai:DatasetFormatURI>http://www.ggf.org/dataforma2</wsdai:DatasetFormatURI>
  </wsdai:DatasetMap>
  <wsdai:ConfigurationMap>
    <wsdai:MessageQName>myService:MessageQName1</wsdai:MessageQName>
    <wsdai:PortTypeQName>myService:PortTypeQName</wsdai:PortTypeQName>
    <wsdai:ConfigurationDocumentQName>myService:ConfigurationDocumentQName</wsdai:ConfigurationDocumentQName>
    <DefaultConfigurationDocument>
      <wsdai:ConfigurationDocument>
        <wsdai:DataResourceDescription>
        Data about the data resource goes <b>right</b>here.
        </wsdai:DataResourceDescription>
        <wsdai:Readable>true</wsdai:Readable>
        <wsdai:Writeable>true</wsdai:Writeable>
        <wsdai:TransactionInitiation>NotSupported</wsdai:TransactionInitiation>
        <wsdai:TransactionIsolation>NotSupported</wsdai:TransactionIsolation>
        <wsdai:ChildSensitiveToParent>Insensitive</wsdai:ChildSensitiveToParent>
        <wsdai:ParentSensitiveToChild>Insensitive</wsdai:ParentSensitiveToChild>
      </wsdai:ConfigurationDocument>
    </DefaultConfigurationDocument>
  </wsdai:ConfigurationMap>
  <wsdai:LanguageMap>
    <wsdai:MessageQName>MessageQName</wsdai:MessageQName>
    <wsdai:LanguageURI>http://www.ggf.com/querylangugage1</wsdai:LanguageURI>
  </wsdai:LanguageMap>
  <wsdai:DataResourceDescription/>
  <wsdai:Readable>true</wsdai:Readable>
  <wsdai:Writeable>true</wsdai:Writeable>
  <wsdai:ConcurrentAccess>true</wsdai:ConcurrentAccess>
  <wsdai:TransactionInitiation>NotSupported</wsdai:TransactionInitiation>
  <wsdai:TransactionIsolation>NotSupported</wsdai:TransactionIsolation>
        <wsdai:ChildSensitiveToParent>Insensitive</wsdai:ChildSensitiveToParent>
        <wsdai:ParentSensitiveToChild>Insensitive</wsdai:ParentSensitiveToChild>
</wsdai:PropertyDocument>
