<?xml version="1.0" encoding="UTF-8"?>

<wsdair:SQLPropertyDocument xmlns:wsdair="http://www.ggf.org/namespaces/2005/12/WS-DAIR" 
                                                          xmlns:wsdai="http://www.ggf.org/namespaces/2005/12/WS-DAI"
                                                          xmlns:wrs="http://java.sun.com/xml/ns/jdbc"
                                                          xmlns:wsa="http://www.w3.org/2005/08/addressing"  
                                                          xmlns:xsi="http://www.w3.org/2001/XMLSchema-instance" 
                                                          xsi:schemaLocation="http://www.ggf.org/namespaces/2005/12/WS-DAIR wsdair_sqlaccess_types.xsd">
<!--
Example corresponding to the one in section 5.3 of the WS-DAIR document.
Changes in this example MUST also be applied to the spec document.
-->
  <wsdai:DataResourceAbstractName>urn:dais:ds1</wsdai:DataResourceAbstractName>
  <wsdai:DataResourceManagement>ExternallyManaged</wsdai:DataResourceManagement>
  <wsdai:DatasetMap>
    <wsdai:MessageQName>wsdair:SQLExecute</wsdai:MessageQName>
    <wsdai:DatasetFormatURI>http://java.sun.com/xml/ns/jdbc</wsdai:DatasetFormatURI>
  </wsdai:DatasetMap>
  <wsdai:ConfigurationMap>
    <wsdai:MessageQName>wsdair:SQLExecuteFactory</wsdai:MessageQName>
    <wsdai:PortTypeQName>wsdair:SQLResponsePT</wsdai:PortTypeQName>
    <wsdai:ConfigurationDocumentQName>wsdair:ConfigurationDocumentType</wsdai:ConfigurationDocumentQName>
    <DefaultConfigurationDocument>
      <wsdai:ConfigurationDocument>
        <wsdai:DataResourceDescription>
          Data description of the data resource goes here.
        </wsdai:DataResourceDescription>
        <wsdai:Readable>true</wsdai:Readable>
        <wsdai:Writeable>true</wsdai:Writeable>
        <wsdai:TransactionInitiation>NotSupported</wsdai:TransactionInitiation>
        <wsdai:TransactionIsolation>NotSupported</wsdai:TransactionIsolation>
        <wsdai:ChildSensitiveToParent>Insensitive</wsdai:ChildSensitiveToParent>
        <wsdai:ParentSensitiveToChild>Insensitive</wsdai:ParentSensitiveToChild>
      </wsdai:ConfigurationDocument>
    </DefaultConfigurationDocument>
  </wsdai:ConfigurationMap>
  <wsdai:LanguageMap>
    <wsdai:MessageQName>wsdair:SQLExecute</wsdai:MessageQName>
    <wsdai:LanguageURI>SQL-1992</wsdai:LanguageURI>
  </wsdai:LanguageMap>
  <wsdai:LanguageMap>
    <wsdai:MessageQName>wsdair:SQLExecute</wsdai:MessageQName>
    <wsdai:LanguageURI>SQL-1999</wsdai:LanguageURI>
  </wsdai:LanguageMap>
  <wsdai:LanguageMap>
    <wsdai:MessageQName>wsdair:SQLExecute</wsdai:MessageQName>
    <wsdai:LanguageURI>SQL-2003</wsdai:LanguageURI>
  </wsdai:LanguageMap>
  <wsdai:LanguageMap>
    <wsdai:MessageQName>wsdai:GenericQuery</wsdai:MessageQName>
    <wsdai:LanguageURI>http://ogsadai.org.uk/namespaces/2005/03/types
    </wsdai:LanguageURI>
  </wsdai:LanguageMap>
  <wsdai:DataResourceDescription>My DB</wsdai:DataResourceDescription>
  <wsdai:Readable>true</wsdai:Readable>
  <wsdai:Writeable>true</wsdai:Writeable>
  <wsdai:ConcurrentAccess>true</wsdai:ConcurrentAccess>
  <wsdai:TransactionInitiation>NotSupported</wsdai:TransactionInitiation>
  <wsdai:TransactionIsolation>NotSupported</wsdai:TransactionIsolation>
   <wsdai:ChildSensitiveToParent>Insensitive</wsdai:ChildSensitiveToParent>
   <wsdai:ParentSensitiveToChild>Insensitive</wsdai:ParentSensitiveToChild>
  <wsdair:SchemaDescription/>
</wsdair:SQLPropertyDocument>
