<?xml version="1.0" encoding="UTF-8"?>

<wsdair:SQLRowsetPropertyDocument 
                                                   xmlns:wsdair="http://www.ggf.org/namespaces/2005/12/WS-DAIR"
                                                    xmlns:wrs="http://java.sun.com/xml/ns/jdbc"
                                                    xmlns:wsdai="http://www.ggf.org/namespaces/2005/12/WS-DAI" 
                                                    xmlns:xsi="http://www.w3.org/2001/XMLSchema-instance" 
                                                    xmlns:wsa="http://www.w3.org/2005/08/addressing" 
                                                    xsi:schemaLocation="http://www.ggf.org/namespaces/2005/12/WS-DAIR wsdair_sqlrowset_types.xsd">

<!-- 
  This example corresponds to section 7.3 of the WS-DAIR document.
  Changes made to this example MUST also be made to the one in the WS-DAIR document.
-->
  <wsdai:DataResourceAbstractName>urn:dais:ds3</wsdai:DataResourceAbstractName>
  <wsdai:DataResourceManagement>ExternallyManaged</wsdai:DataResourceManagement>
  <wsdai:ParentDataResource>
    <wsa:Address>http://www.ggf.org/services/daisresponseservice</wsa:Address>
    <wsa:ReferenceParameters>
      <DataResourceAbstractName>urn:dais:ds2</DataResourceAbstractName>
    </wsa:ReferenceParameters>
  </wsdai:ParentDataResource>
  <wsdai:DatasetMap>
    <wsdai:MessageQName>wsdair:GetTuples</wsdai:MessageQName>
    <wsdai:DatasetFormatURI>http://java.sun.com/xml/ns/jdbc</wsdai:DatasetFormatURI>
  </wsdai:DatasetMap>
  
    <wsdai:ConfigurationMap>
    <wsdai:MessageQName>wsdair:GetSQLRowset</wsdai:MessageQName>
    <wsdai:PortTypeQName>wsdair:SQLRowsetPT</wsdai:PortTypeQName>
    <wsdai:ConfigurationDocumentQName>wsdair:SQLRowsetPTConfigurationDocumentType</wsdai:ConfigurationDocumentQName>
    <DefaultConfigurationDocument>
      <wsdai:ConfigurationDocument>
        <wsdai:DataResourceDescription/>
        <wsdai:Readable>true</wsdai:Readable>
        <wsdai:Writeable>true</wsdai:Writeable>
        <wsdai:TransactionInitiation>NotSupported</wsdai:TransactionInitiation>
        <wsdai:TransactionIsolation>NotSupported</wsdai:TransactionIsolation>
        <wsdai:ChildSensitiveToParent>Insensitive</wsdai:ChildSensitiveToParent>
        <wsdai:ParentSensitiveToChild>Insensitive</wsdai:ParentSensitiveToChild>
      </wsdai:ConfigurationDocument>
    </DefaultConfigurationDocument>
</wsdai:ConfigurationMap>

  <wsdai:LanguageMap>
    <wsdai:MessageQName>wsdair:GetSQLRowset</wsdai:MessageQName>
    <wsdai:LanguageURI>SQL-1992</wsdai:LanguageURI>
</wsdai:LanguageMap>

  <wsdai:DataResourceDescription/>
  <wsdai:Readable>true</wsdai:Readable>
  <wsdai:Writeable>true</wsdai:Writeable>
  <wsdai:ConcurrentAccess>true</wsdai:ConcurrentAccess>
  <wsdai:TransactionInitiation>NotSupported</wsdai:TransactionInitiation>
  <wsdai:TransactionIsolation>NotSupported</wsdai:TransactionIsolation>
  <wsdai:ChildSensitiveToParent>Insensitive</wsdai:ChildSensitiveToParent>
  <wsdai:ParentSensitiveToChild>Insensitive</wsdai:ParentSensitiveToChild>
  <wsdair:RowSchema>
    <wrs:metadata>
      <wrs:column-count>wrs:column-count</wrs:column-count>
      <wrs:column-definition>
        <wrs:column-index>wrs:column-index</wrs:column-index>
        <wrs:auto-increment>wrs:auto-increment</wrs:auto-increment>
        <wrs:case-sensitive>wrs:case-sensitive</wrs:case-sensitive>
        <wrs:currency>wrs:currency</wrs:currency>
        <wrs:nullable>wrs:nullable</wrs:nullable>
        <wrs:signed>wrs:signed</wrs:signed>
        <wrs:searchable>wrs:searchable</wrs:searchable>
        <wrs:column-display-size>wrs:column-display-size
        </wrs:column-display-size>
        <wrs:column-label>wrs:column-label</wrs:column-label>
        <wrs:column-name>wrs:column-name</wrs:column-name>
        <wrs:schema-name>wrs:schema-name</wrs:schema-name>
        <wrs:column-precision>wrs:column-precision</wrs:column-precision>
        <wrs:column-scale>wrs:column-scale</wrs:column-scale>
        <wrs:table-name>wrs:table-name</wrs:table-name>
        <wrs:catalog-name>wrs:catalog-name</wrs:catalog-name>
        <wrs:column-type>wrs:column-type</wrs:column-type>
        <wrs:column-type-name>wrs:column-type-name</wrs:column-type-name>
      </wrs:column-definition>
    </wrs:metadata>
  </wsdair:RowSchema>
  <wsdair:NoOfRows>10</wsdair:NoOfRows>
  <wsdair:AccessMode>Forward</wsdair:AccessMode>

</wsdair:SQLRowsetPropertyDocument>
