<?xml version="1.0" encoding="UTF-8"?>

<wsdair:SQLResponsePropertyDocument xmlns:wsdair="http://www.ggf.org/namespaces/2005/12/WS-DAIR" 
                                                                              xmlns:wrs="http://java.sun.com/xml/ns/jdbc" 
                                                                              xmlns:wsdai="http://www.ggf.org/namespaces/2005/12/WS-DAI" 
                                                                              xmlns:wsa="http://www.w3.org/2005/08/addressing" 
                                                                              xmlns:xsi="http://www.w3.org/2001/XMLSchema-instance" 
                                                                              xsi:schemaLocation="http://www.ggf.org/namespaces/2005/12/WS-DAIR wsdair_sqlresponse_types.xsd">

<!-- 
This example corresponds to the one given in section 5.3 of the WS-DAIR document.
If changes are made to this example MUST also be made to the example ind the WS-DAIR document.
-->
 <wsdai:DataResourceAbstractName>urn:dais:ds2</wsdai:DataResourceAbstractName>
  <wsdai:DataResourceManagement>ExternallyManaged</wsdai:DataResourceManagement>
  <wsdai:ParentDataResource>
    <wsa:Address>http://www.ggf.org/services/daissqlservice</wsa:Address>
    <wsa:ReferenceParameters>
      <DataResourceAbstractName>urn:dais:ds1</DataResourceAbstractName>
    </wsa:ReferenceParameters>
    <wsa:Metadata/>
  </wsdai:ParentDataResource>
  <wsdai:DatasetMap>
    <wsdai:MessageQName>wsdair:GetSQLRowset</wsdai:MessageQName>
    <wsdai:DatasetFormatURI>
       http://java.sun.com/xml/ns/jdbc
    </wsdai:DatasetFormatURI>
  </wsdai:DatasetMap>
  <wsdai:ConfigurationMap>
    <wsdai:MessageQName>wsdair:GetSQLRowset</wsdai:MessageQName>
    <wsdai:PortTypeQName>wsdair:SQLRowsetPT</wsdai:PortTypeQName>
    <wsdai:ConfigurationDocumentQName>
          wsdair:SQLRowsetPTConfigurationDocumentType 
    </wsdai:ConfigurationDocumentQName>
    <DefaultConfigurationDocument>
      <wsdai:ConfigurationDocument>
        <wsdai:DataResourceDescription/>
        <wsdai:Readable>true</wsdai:Readable>
        <wsdai:Writeable>true</wsdai:Writeable>
        <wsdai:TransactionInitiation>NotSupported</wsdai:TransactionInitiation>
        <wsdai:TransactionIsolation>NotSupported</wsdai:TransactionIsolation>
        <wsdai:ChildSensitiveToParent>Insensitive</wsdai:ChildSensitiveToParent>
        <wsdai:ParentSensitiveToChild>Insensitive</wsdai:ParentSensitiveToChild>
      </wsdai:ConfigurationDocument>
    </DefaultConfigurationDocument>
</wsdai:ConfigurationMap>
  <wsdai:LanguageMap>
    <wsdai:MessageQName>wsdair:GetSQLRowset</wsdai:MessageQName>
    <wsdai:LanguageURI>SQL-1992</wsdai:LanguageURI>
</wsdai:LanguageMap>
  <wsdai:DataResourceDescription/>
  <wsdai:Readable>true</wsdai:Readable>
  <wsdai:Writeable>true</wsdai:Writeable>
  <wsdai:ConcurrentAccess>true</wsdai:ConcurrentAccess>
  <wsdai:TransactionInitiation>NotSupported</wsdai:TransactionInitiation>
  <wsdai:TransactionIsolation>NotSupported</wsdai:TransactionIsolation>
  <wsdai:ChildSensitiveToParent>Insensitive</wsdai:ChildSensitiveToParent>
        <wsdai:ParentSensitiveToChild>Insensitive</wsdai:ParentSensitiveToChild>
  <wsdair:SQLResponseItem>
    <SequenceNumber>0</SequenceNumber>
    <Name>Rowset</Name>
</wsdair:SQLResponseItem>
  <wsdair:SQLResponseItem>
    <SequenceNumber>1</SequenceNumber>
    <Name>CommunicationsArea</Name>
  </wsdair:SQLResponseItem>
  <wsdair:NumberOfSQLRowsets>1</wsdair:NumberOfSQLRowsets>
  <wsdair:NumberOfSQLUpdateCounts>0</wsdair:NumberOfSQLUpdateCounts>
  <wsdair:NumberOfSQLReturnValues>0</wsdair:NumberOfSQLReturnValues>
  <wsdair:NumberOfSQLOutputParameters>0</wsdair:NumberOfSQLOutputParameters>
  <wsdair:NumberOfSQLCommunicationsAreas>
     1
  </wsdair:NumberOfSQLCommunicationsAreas>
</wsdair:SQLResponsePropertyDocument>

