<?xml version="1.0" encoding="UTF-8"?>

<wsdaix:XMLCollectionPropertyDocument xmlns:wsdaix="http://www.ggf.org/namespaces/2005/12/WS-DAIX" 
                                                       xmlns:wsdai="http://www.ggf.org/namespaces/2005/12/WS-DAI" 
                                                       xmlns:xsi="http://www.w3.org/2001/XMLSchema-instance" 
                                                       xsi:schemaLocation="http://www.ggf.org/namespaces/2005/12/WS-DAIX wsdaix_xmlcollection_types.xsd">
<!--
This example corresponds to the one given in section 5.3 of the WS-DAIX document.
Changes made to this should be kept aligned with the document.
-->
  <wsdai:DataResourceAbstractName>
     urn:dais:ds1
  </wsdai:DataResourceAbstractName>
  
  <wsdai:DataResourceManagement>ExternallyManaged</wsdai:DataResourceManagement>
  
  <wsdai:DatasetMap>
    <wsdai:MessageQName>wsdaix:AddDocuments</wsdai:MessageQName>
    <wsdai:DatasetFormatURI>http://www.ggf.org/schemas/somedocumentschema</wsdai:DatasetFormatURI>
  </wsdai:DatasetMap>
  
    <wsdai:ConfigurationMap>
      <wsdai:MessageQName>wsdaix:CollectionSelectionFactory</wsdai:MessageQName>
      <wsdai:PortTypeQName>wsdaix:XMLCollectionAccess</wsdai:PortTypeQName>
      <wsdai:ConfigurationDocumentQName>wsdaix:XMLCollectionConfigurationDocument</wsdai:ConfigurationDocumentQName>
    <DefaultConfigurationDocument>
      <wsdai:ConfigurationDocument>
        <wsdai:DataResourceDescription/>
        <wsdai:Readable>true</wsdai:Readable>
        <wsdai:Writeable>true</wsdai:Writeable>
        <wsdai:TransactionInitiation>NotSupported</wsdai:TransactionInitiation>
        <wsdai:TransactionIsolation>NotSupported</wsdai:TransactionIsolation>
      <wsdai:ChildSensitiveToParent>Sensitive</wsdai:ChildSensitiveToParent>
      <wsdai:ParentSensitiveToChild>Sensitive</wsdai:ParentSensitiveToChild>
      </wsdai:ConfigurationDocument>
    </DefaultConfigurationDocument>
  </wsdai:ConfigurationMap>
  
  <wsdai:LanguageMap>
    <wsdai:MessageQName>xdai:AddDocumentRequest</wsdai:MessageQName>
    <wsdai:LanguageURI>http://www.w3.org/2005/XQueryX</wsdai:LanguageURI>
  </wsdai:LanguageMap>
  
  <wsdai:DataResourceDescription/>
  <wsdai:Readable>true</wsdai:Readable>
  <wsdai:Writeable>true</wsdai:Writeable>
  <wsdai:ConcurrentAccess>true</wsdai:ConcurrentAccess>
  <wsdai:TransactionInitiation>NotSupported</wsdai:TransactionInitiation>
  <wsdai:TransactionIsolation>NotSupported</wsdai:TransactionIsolation>
  <wsdai:ChildSensitiveToParent>Sensitive</wsdai:ChildSensitiveToParent>
<wsdai:ParentSensitiveToChild>Sensitive</wsdai:ParentSensitiveToChild>

  <wsdaix:TopLevelCollection name="urn:dais:collection1">
     <!-- This is a subcollection in collection 1 -->
     <Collection name="urn:dais:collection2">
         <Document name="document1"/>
     </Collection>
     
     <!-- XML Schema that documents may have to support -->
    <Schema name="documentschema">
      <schemaLocation>http://www.ggf.org/schemas</schemaLocation>
      <namespace>http://www.ggf.org/schemas/somedocumentschema</namespace>
    </Schema>
    
    <!-- Document belonging to collection 1 -->
    <Document name="document1"/>
    </wsdaix:TopLevelCollection>

  <wsdaix:NumberOfDocuments>2</wsdaix:NumberOfDocuments>
  <wsdaix:SupportsCollections>true</wsdaix:SupportsCollections>
  <wsdaix:SupportsCollectionNesting>true</wsdaix:SupportsCollectionNesting>
  <wsdaix:SupportsSchemas>true</wsdaix:SupportsSchemas>
</wsdaix:XMLCollectionPropertyDocument>
