<?xml version="1.0" encoding="UTF-8"?>

<wsdaix:XMLSequencePropertyDocument xmlns:wsdaix="http://www.ggf.org/namespaces/2005/12/WS-DAIX" 
                                                        xmlns:wsdai="http://www.ggf.org/namespaces/2005/12/WS-DAI" 
                                                        xmlns:xsi="http://www.w3.org/2001/XMLSchema-instance" 
                                                        xmlns:wsa="http://www.w3.org/2005/08/addressing"
                                                        xsi:schemaLocation="http://www.ggf.org/namespaces/2005/12/WS-DAIX wsdaix_xmlsequence_types.xsd">
 <!-- 
 This example corresponds to the one in section 9.3 of the WS-DAIX document.
 -->
 <wsdai:DataResourceAbstractName>
   urn:dais:ds2
</wsdai:DataResourceAbstractName>
  <wsdai:DataResourceManagement>ExternallyManaged</wsdai:DataResourceManagement>
  <wsdai:ParentDataResource>
    <wsa:Address>http://www.ggf.org/services/daisservice</wsa:Address>
    <wsa:ReferenceParameters>
      <DataResourceAbstractName>urn:dais:ds1</DataResourceAbstractName>
    </wsa:ReferenceParameters>
    <wsa:Metadata/>
  </wsdai:ParentDataResource>
  <wsdai:DatasetMap>
    <wsdai:MessageQName>wsdaix:XQueryExecute</wsdai:MessageQName>
    <wsdai:DatasetFormatURI>
       http://www.w3.org/TR/xml11/
    </wsdai:DatasetFormatURI>
</wsdai:DatasetMap>
  <wsdai:DatasetMap>
    <wsdai:MessageQName>wsdaix:XQueryExecute</wsdai:MessageQName>
    <wsdai:DatasetFormatURI>http://www.w3.org/TR/xhtml11/
    </wsdai:DatasetFormatURI>
</wsdai:DatasetMap>
  <wsdai:DatasetMap>
    <wsdai:MessageQName>wsdaix:XQueryExecute</wsdai:MessageQName>
    <wsdai:DatasetFormatURI>http://www.w3.org/TR/html401/
    </wsdai:DatasetFormatURI>
</wsdai:DatasetMap>
  <wsdai:DatasetMap>
    <wsdai:MessageQName>wsdaix:XQueryExecute</wsdai:MessageQName>
    <wsdai:DatasetFormatURI>text
    </wsdai:DatasetFormatURI>
</wsdai:DatasetMap>
  <wsdai:ConfigurationMap>
    <wsdai:MessageQName>wsdaix:XPathExecuteFactory</wsdai:MessageQName>
    <wsdai:PortTypeQName>wsdaix:XMLSequenceAccesPT</wsdai:PortTypeQName>
    <wsdai:ConfigurationDocumentQName>wsdaix:XMLSequenceConfigurationDocument</wsdai:ConfigurationDocumentQName>
    <DefaultConfigurationDocument>
      <wsdai:ConfigurationDocument>
        <wsdai:DataResourceDescription/>
        <wsdai:Readable>true</wsdai:Readable>
        <wsdai:Writeable>true</wsdai:Writeable>
        <wsdai:TransactionInitiation>NotSupported</wsdai:TransactionInitiation>
        <wsdai:TransactionIsolation>NotSupported</wsdai:TransactionIsolation>
      <wsdai:ChildSensitiveToParent>Sensitive</wsdai:ChildSensitiveToParent>
      <wsdai:ParentSensitiveToChild>Sensitive</wsdai:ParentSensitiveToChild>
      </wsdai:ConfigurationDocument>
    </DefaultConfigurationDocument>
  </wsdai:ConfigurationMap>
    <wsdai:LanguageMap>
    <wsdai:MessageQName>wsdaix:XQueryExecute</wsdai:MessageQName>
    <wsdai:LanguageURI>http://www.w3.org/2005/XQueryX</wsdai:LanguageURI>
  </wsdai:LanguageMap>
  <wsdai:DataResourceDescription/>
  <wsdai:Readable>true</wsdai:Readable>
  <wsdai:Writeable>true</wsdai:Writeable>
  <wsdai:ConcurrentAccess>true</wsdai:ConcurrentAccess>
  <wsdai:TransactionInitiation>NotSupported</wsdai:TransactionInitiation>
  <wsdai:TransactionIsolation>NotSupported</wsdai:TransactionIsolation>
  <wsdai:ChildSensitiveToParent>Sensitive</wsdai:ChildSensitiveToParent>
<wsdai:ParentSensitiveToChild>Sensitive</wsdai:ParentSensitiveToChild>
<wsdaix:NumberOfItems>10</wsdaix:NumberOfItems>

 </wsdaix:XMLSequencePropertyDocument>
